,precision,recall,f1-score,support
0,0.9999179366940211,0.9999765519667038,0.9999472434713795,85295.0
1,0.986013986013986,0.9527027027027027,0.9690721649484536,148.0
accuracy,0.9998946666198518,0.9998946666198518,0.9998946666198518,0.9998946666198518
macro avg,0.9929659613540036,0.9763396273347033,0.9845097042099166,85443.0
weighted avg,0.9998938529808947,0.9998946666198518,0.9998937632375231,85443.0
